fb1569b5a3266444d676e5f82d6bac85,family,doomjuice,filetype,pe32_exe,source,sans610,report_date,20100101
365e5df06d50faa4a1229cdcef0ea9bf,family,slackbot,filetype,pe32_exe,source,sans610,report_date,20100101
156f730bbb6b6cada4ef89e22ddc68ab,family,dyre,filetype,pe32_exe,source,secureworks,report_date,20141217
18cf4a3a89c07aa1fb7a8848e92259ad,family,dyre,filetype,pe32_exe,source,sonicwall,report_date,20150318
1a52993e4546c3d6adad037af74ce2a8,family,dyre,filetype,pe32_exe,source,secureworks,report_date,20141217
3597f17748f9bb7d008840a4b1391582,family,dyre,filetype,pe32_exe,source,secureworks,report_date,20141217
9651d4ffb09a507bb17502228a8dc674,family,dyre,filetype,pe32_exe,source,sonicwall,report_date,20150318
b5b3af636f545da62f87c2773aa99016,family,dyre,filetype,pe32_exe,source,secureworks,report_date,20141217
c6315a09e06e2ba775e5be0979d23755,family,dyre,filetype,pe32_exe,source,secureworks,report_date,20141217
72df208f7dc60f01abdc2dd8494ca15f,family,carbanak,filetype,pe32_exe,source,welivesecurity,report_date,20150908
6c713e58d9abe4531ede55a8d746ba42,family,carbanak,filetype,pe32_exe,source,welivesecurity,report_date,20150908
a47074fc8334c3314dd3562cb82e2c0c,family,carbanak,filetype,pe32_exe,source,welivesecurity,report_date,20150908
cd580de7b557938ef03890e95320eb07,family,carbanak,filetype,data,source,welivesecurity,report_date,20150908
ce93be1925ab1dfabd6c684d25053575,family,carbanak,filetype,rtf,source,welivesecurity,report_date,20150908
a11d83ce72574a2ae6d8ae4a5b66bcb3,family,carbanak,filetype,pe32_exe,source,welivesecurity,report_date,20150908
95e200169e95b73c885c032796246cfb,family,carbanak,filetype,pe32_exe,source,welivesecurity,report_date,20150908
8dfa8ea107a520ff295028134dd7513e,family,carbanak,filetype,pe32_exe,source,welivesecurity,report_date,20150908
c5bc833a657ff9dca0f5071eecd5b645,family,carbanak,filetype,pe32_exe,source,welivesecurity,report_date,20150908
dce2d0cf3f5b62887a2267401b039a66,family,carbanak,filetype,rtf,source,welivesecurity,report_date,20150908
efe7ca2491d1793c75487b820c32502a,family,carbanak,filetype,pe32_exe,source,welivesecurity,report_date,20150908
41fb85acedc691bc6033fa2c4cf6a0bc,family,carbanak,filetype,pe32_exe,source,welivesecurity,report_date,20150908
c16f6825fd1dc4795761c211adf4616a,family,carbanak,filetype,pe32_exe,source,welivesecurity,report_date,20150908
ba3b35cc3b715d686505190cb971f0db,family,carbanak,filetype,pe32_exe,source,welivesecurity,report_date,20150908
4cbdfadbfce941d4762276431a09ee01,family,carbanak,filetype,pe32_exe,source,welivesecurity,report_date,20150908
9ac1d5286ee3d9d5e854b4e8ca6edf02,family,carbanak,filetype,pe32_exe,source,welivesecurity,report_date,20150908
e86607d06e2b9ae2fd3830e3279ecce7,family,carbanak,filetype,pe32_exe,source,welivesecurity,report_date,20150908
a993214c2b042d8bfc62a35dfd2aee00,family,carbanak,filetype,pe32_exe,source,welivesecurity,report_date,20150908
c9b105ec2412ac0e2ace20bfa71e1450,family,carbanak,filetype,pe32_exe,source,welivesecurity,report_date,20150908
ada47392d22ddb8153981e2b32b009a8,family,carbanak,filetype,pe32_exe,source,welivesecurity,report_date,20150908
63a5aea388e454f6186fabab8cd96ff7,family,carbanak,filetype,pe32_exe,source,welivesecurity,report_date,20150908
15fab4727a91595b6aab33f56d9afc09,family,carbanak,filetype,pe32_exe,source,welivesecurity,report_date,20150908
fa72aced0fd3053e4674eceda2784bbf,family,carbanak,filetype,rtf,source,welivesecurity,report_date,20150908
e7f003fd8cb6507835bef7af65aeb87f,family,carbanak,filetype,rtf,source,welivesecurity,report_date,20150908
2776062964b8ef297be62a7e756f1206,family,carbanak,filetype,pe32_exe,source,welivesecurity,report_date,20150908
339b61c3ca3596ab6da4c2a605247fbb,family,carbanak,filetype,pe32_exe,source,welivesecurity,report_date,20150908
858a1ad6f9170f338480ea335dfad7a4,family,carbanak,filetype,rtf,source,welivesecurity,report_date,20150908
a831613050c39bc82f4a6d67852962dc,family,carbanak,filetype,pe32_exe,source,welivesecurity,report_date,20150908
3c34280674aaa3a9d4264a933571663a,family,carbanak,filetype,rtf,source,welivesecurity,report_date,20150908
012a11e4cf754d54601fd6001e4c5748,family,carbanak,filetype,rtf,source,welivesecurity,report_date,20150908
369e15b44262671369b2a6e1f0ca7084,family,carbanak,filetype,pe32_exe,source,welivesecurity,report_date,20150908
1c7cdb9ca6451e69e6e8be589c5f2f04,family,carbanak,filetype,pe32_exe,source,welivesecurity,report_date,20150908
8ed397f1771dd0fa5b20f604d2b3db9f,family,carbanak,filetype,rtf,source,welivesecurity,report_date,20150908
4b44a9c0c2b680518e1b63856eeb4f2d,family,carbanak,filetype,pe32_exe,source,welivesecurity,report_date,20150908
78a16f779ee6ba9b29d97b0e37c316da,family,carbanak,filetype,rtf,source,welivesecurity,report_date,20150908
fb2efbf7f9ece1cfb098b3dd307c7804,family,carbanak,filetype,pe32_exe,source,welivesecurity,report_date,20150908
f5db00b0fd7a9593ed6a773a5f63b105,family,carbanak,filetype,pe32_exe,source,welivesecurity,report_date,20150908
30a5412490c406a90c8ba440de767859,family,carbanak,filetype,pe32_exe,source,welivesecurity,report_date,20150908
a70fea1e6eaa77bdfa07848712efa259,family,carbanak,filetype,pe32_exe,source,welivesecurity,report_date,20150908
f2e407846e0937ab9184c0a9bb77aa95,family,carbanak,filetype,pe32_exe,source,welivesecurity,report_date,20150908
bd6dac4c6d6adb73df1ca49e4697591b,family,carbanak,filetype,pe32_exe,source,welivesecurity,report_date,20150908
f888b2e05bc9d4f5d6e26c71690761a5,family,carbanak,filetype,pe32_exe,source,welivesecurity,report_date,20150908
554c74582f38dfe21640b3ce125238c4,family,carbanak,filetype,pe32_exe,source,welivesecurity,report_date,20150908
185e497d9ee4fbb4e965d9de1df5a799,family,carbanak,filetype,rtf,source,welivesecurity,report_date,20150908
5322b34cb2db39d19f870b3dd17b796b,family,carbanak,filetype,pe32_exe,source,welivesecurity,report_date,20150908
a680ffb948da8d801eeb4f1a2a275665,family,carbanak,filetype,pe32_exe,source,welivesecurity,report_date,20150908
deac737af0cbbd8cc4da61e43433424c,family,carbanak,filetype,rtf,source,welivesecurity,report_date,20150908
e2d8dae15c36a33fc8d4e6fa6dc9a457,family,carbanak,filetype,rtf,source,welivesecurity,report_date,20150908
7f1b0127d24551139a44aa3e782e5b08,family,carbanak,filetype,rtf,source,welivesecurity,report_date,20150908
ce3b31fb96bf7462167b85a7770e678c,family,carbanak,filetype,rtf,source,welivesecurity,report_date,20150908
2d2840b305c944c882ce5e37cd74cfbc,family,carbanak,filetype,pe32_exe,source,welivesecurity,report_date,20150908
49f7fdbce30fb8328b3697d36d7a1361,family,carbanak,filetype,pe32_exe,source,welivesecurity,report_date,20150908
d5b57e24e40d0b464be6ce0dada4fdbd,family,carbanak,filetype,pe32_exe,source,welivesecurity,report_date,20150908
a9b767e086732268516235883b11b85f,family,carbanak,filetype,pe32_exe,source,welivesecurity,report_date,20150908
682f39be218a29818b27a4a7753fffa9,family,carbanak,filetype,pe32_exe,source,welivesecurity,report_date,20150908
c1ccc42d38f5beb683d14a37fa2cb114,family,carbanak,filetype,rtf,source,welivesecurity,report_date,20150908
3113dad485cf6843a526152ee4ce76ab,family,carbanak,filetype,rtf,source,welivesecurity,report_date,20150908
7f9e09c4737af83e4df55e4e19c01dff,family,carbanak,filetype,pe32_exe,source,welivesecurity,report_date,20150908
88f7cfb905f252409925e721668bbfe9,family,carbanak,filetype,pe32_exe,source,welivesecurity,report_date,20150908
42b7a5c2690199e99777915262fcb06d,family,carbanak,filetype,pe32_exe,source,welivesecurity,report_date,20150908
f471f35bc00b74ab47983ffa03b2d60a,family,carbanak,filetype,rtf,source,welivesecurity,report_date,20150908
8c1922960c1dd9290931079e1f56f08b,family,carbanak,filetype,pe32_exe,source,welivesecurity,report_date,20150908
7f31e18efad384ed1b6f14be1860dc33,family,carbanak,filetype,pe32_exe,source,welivesecurity,report_date,20150908
d2673ace5d9c588ef78347e015cfff8d,family,carbanak,filetype,rtf,source,welivesecurity,report_date,20150908
014122d7851fa8bf4070a8fc2acd5dc5,family,plugx,filetype,dos_exe,source,secureworks,report_date,20150805
02826bb6636337963cc5162e6f87745e,family,plugx,filetype, dos_exe,source,secureworks,report_date,20150805
03e1eac3512a726da30fff41dbc26039,family,plugx,filetype, dos_exe,source,secureworks,report_date,20150805
076ae76dcd0946ff913a9ce033e0ca55,family,plugx,filetype, pe32_exe,source,bit9,report_date,20150904
0ae996b31a2c3ed3f0bc14c7a96bea38,family,plugx,filetype, dos_exe,source,secureworks,report_date,20150805
0c8842e48e80643d91dd290d0f786147,family,plugx,filetype, dos_exe,source,secureworks,report_date,20150805
0f7dde31fbeb5ddbb6230c401ed41561,family,plugx,filetype, dos_exe,source,secureworks,report_date,20150805
0fc975c3c4e6c546b4f2b5aaed50dd78,family,plugx,filetype, dos_exe,source,secureworks,report_date,20150805
12a522cb96700c82dc964197adb57ddf,family,plugx,filetype, pe32_exe,source,secureworks,report_date,20150805
1539b3a5921203f0e2b6c05d692ffa27,family,plugx,filetype, dos_exe,source,secureworks,report_date,20150805
15fd9c04d6099273a9acf8feab81acfe,family,plugx,filetype, dos_exe,source,secureworks,report_date,20150805
1606ab7a54735af654ee6deb7427f652,family,plugx,filetype, dos_exe,source,secureworks,report_date,20150805
1a76681986f99b216d5c0f17ccff2a12,family,plugx,filetype, dos_exe,source,secureworks,report_date,20150805
1cb4b74e9d030afbb18accf6ee2bfca1,family,plugx,filetype, pe32_exe,source,secureworks,report_date,20150805
1d24f4d20b80562de46a8ac95d0ff8c2,family,plugx,filetype, dos_exe,source,secureworks,report_date,20150805
20c446ad2d7d1586138b493ecddfbbc7,family,plugx,filetype, dos_exe,source,secureworks,report_date,20150805
225e10e362eeee15ec64246ac021f4d6,family,plugx,filetype, dos_exe,source,secureworks,report_date,20150805
2813c5a1c87f7e3d33174fed8b0988a1,family,plugx,filetype, dos_exe,source,secureworks,report_date,20150805
2abf7421c34c60d48e09325a206e720e,family,plugx,filetype, dos_exe,source,secureworks,report_date,20150805
2b95caf3307ebd36cf405b1133b30aa8,family,plugx,filetype, dos_exe,source,secureworks,report_date,20150805
2bec1860499aae1dbcc92f48b276f998,family,plugx,filetype, pe32_exe,source,secureworks,report_date,20150805
3468034fc3ac65c60a1f1231e3c45107,family,plugx,filetype, dos_exe,source,secureworks,report_date,20150805
3475d208c6a67e7ddb3c266b79789773,family,plugx,filetype, pe32_exe,source,bit9,report_date,20150904
3647068230839f9cadf0fd4bd82ade84,family,plugx,filetype, dos_exe,source,secureworks,report_date,20150805
36d957f6058f954541450f5a85b28d4b,family,plugx,filetype, dos_exe,source,secureworks,report_date,20150805
372f5370085a63f5b660fab635ce6cd7,family,plugx,filetype, dos_exe,source,secureworks,report_date,20150805
37933acfa8d8e78c54413d88ca705e17,family,plugx,filetype, dos_exe,source,secureworks,report_date,20150805
380c02b1fd93eb22028862117a2f19e3,family,plugx,filetype, dos_exe,source,secureworks,report_date,20150805
396b4317db07cc8a2480786160b33044,family,plugx,filetype, dos_exe,source,secureworks,report_date,20150805
40092f76fea082b05e9631d91975a401,family,plugx,filetype, dos_exe,source,secureworks,report_date,20150805
405949955b1cb65673c16bf7c8da2f4d,family,plugx,filetype, dos_exe,source,secureworks,report_date,20150805
40a9a22da928cbb70df48d5a3106d887,family,plugx,filetype, dos_exe,source,secureworks,report_date,20150805
41be449f687828466ed7d87f0f30a278,family,plugx,filetype, dos_exe,source,secureworks,report_date,20150805
4251aaf38a485b08d5562c6066370f09,family,plugx,filetype, pe32_exe,source,secureworks,report_date,20150805
42d874f91145bd2ddf818735346022d8,family,plugx,filetype, dos_exe,source,secureworks,report_date,20150805
44cf0793e05ba843dd53bbc7020e0f1c,family,plugx,filetype, dos_exe,source,secureworks,report_date,20150805
462fd01302bc40624a44b7960d2894cd,family,plugx,filetype, pe32_exe,source,secureworks,report_date,20150805
46bb2caeda30c09a6337fd46ec98c32c,family,plugx,filetype, dos_exe,source,secureworks,report_date,20150805
46cf2f9b4a4c35b62a32f28ac847c575,family,plugx,filetype, dos_exe,source,secureworks,report_date,20150805
4e3b51a6a18bdb770fc38650a70b1883,family,plugx,filetype, dos_exe,source,secureworks,report_date,20150805
5436c3469cb1d87ea404e8989b28758d,family,plugx,filetype, dos_exe,source,secureworks,report_date,20150805
550922107d18aa4caad0267997709ee5,family,plugx,filetype, dos_exe,source,secureworks,report_date,20150805
57e85fc30502a925ffed16082718ec6c,family,plugx,filetype, pe32_exe,source,secureworks,report_date,20150805
5c3ab475be110ec59257617ee1388e01,family,plugx,filetype, dos_exe,source,secureworks,report_date,20150805
5cd0e97a1f09001af5213462aa3f7eb1,family,plugx,filetype, dos_exe,source,secureworks,report_date,20150805
5ef719f8aeb9bf97beb24a5c2ed19173,family,plugx,filetype, dos_exe,source,secureworks,report_date,20150805
66a2f4470913020780853bb06ef44b2f,family,plugx,filetype, pe32_exe,source,bit9,report_date,20150904
692cecc94ac440ec673dc69f37bc0409,family,plugx,filetype, dos_exe,source,secureworks,report_date,20150805
6a39a4e9933407aef31fdc3dfa2a2a95,family,plugx,filetype, dos_exe,source,secureworks,report_date,20150805
6aac7417ea1eb60a869597af9049b8fa,family,plugx,filetype, dos_exe,source,secureworks,report_date,20150805
6c260baa4367578778b1ecdaaab37ef9,family,plugx,filetype, pe32_exe,source,bit9,report_date,20150904
6e4189b20adb253b3c1ad7f8fdc95009,family,plugx,filetype, dos_exe,source,secureworks,report_date,20150805
6f01628a0b5de757a8dbe99020499d10,family,plugx,filetype, dos_exe,source,secureworks,report_date,20150805
728e5700a401498d91fb83159beec834,family,plugx,filetype, pe32_exe,source,secureworks,report_date,20150805
7294c7f3860315d51f74152e8ad353df,family,plugx,filetype, dos_exe,source,secureworks,report_date,20150805
7cffd679599fb8579abae8f32ce49026,family,plugx,filetype, pe32_exe,source,secureworks,report_date,20150805
7ec91768376324be2bad4fd30b1c2051,family,plugx,filetype, dos_exe,source,secureworks,report_date,20150805
7f8d9f12f41156512b60ab17f8d85fe9,family,plugx,filetype, dos_exe,source,secureworks,report_date,20150805
81ed752590752016cb1c12f3e9ab3454,family,plugx,filetype, pe32_dll,source,secureworks,report_date,20150805
84bb1c8c5957125029e4fbfa9ec63045,family,plugx,filetype, pe32_exe,source,bit9,report_date,20150904
86a05dcffe87caf7099dda44d9ec6b48,family,plugx,filetype, pe32_exe,source,secureworks,report_date,20150805
8b4ed3b392ee5da139c16b8bca38ea5e,family,plugx,filetype, dos_exe,source,secureworks,report_date,20150805
8dacca7dd24844935fcd34e6c9609416,family,plugx,filetype, pe32_exe,source,secureworks,report_date,20150805
8ea5d8bb6b28191e4436456c35477e39,family,plugx,filetype, dos_exe,source,secureworks,report_date,20150805
8f22834efe52ccefb17e768569eb36b9,family,plugx,filetype, dos_exe,source,secureworks,report_date,20150805
9271bcfbba056c8f80c7f04d72efd62d,family,plugx,filetype, dos_exe,source,secureworks,report_date,20150805
93e40da0bd78bebe5e1b98c6324e9b5b,family,plugx,filetype, pe32_exe,source,secureworks,report_date,20150805
9538bbdb3a73201b40296e9d4dc80ade,family,plugx,filetype, dos_exe,source,secureworks,report_date,20150805
996843b55a7c5c7a36e8c6956e599610,family,plugx,filetype, dos_exe,source,secureworks,report_date,20150805
a554efc889714c70e9362bdc81fadd6a,family,plugx,filetype, dos_exe,source,secureworks,report_date,20150805
a631fc7c45cbdf80992b9d730df0ff51,family,plugx,filetype, dos_exe,source,secureworks,report_date,20150805
a86a906cfafaf1d7e3725bb0161b0cfe,family,plugx,filetype, dos_exe,source,secureworks,report_date,20150805
ae66bad0c7de88ab0ab1050c4bec9095,family,plugx,filetype, dos_exe,source,secureworks,report_date,20150805
af785b4df71da0786bcae233e55cf6c1,family,plugx,filetype, dos_exe,source,secureworks,report_date,20150805
b30fcd362c7b8ac75b7dddfe6cb448c7,family,plugx,filetype, dos_exe,source,secureworks,report_date,20150805
b313bbe17bd5ee9c00acff3bfccdb48a,family,plugx,filetype, pe32_exe,source,secureworks,report_date,20150805
b333b5d541a0488f4e710ae97c46d9c2,family,plugx,filetype, pe32_exe,source,secureworks,report_date,20150805
baac5e5dd3ce7dae56cab6d3dac14e15,family,plugx,filetype, dos_exe,source,secureworks,report_date,20150805
bbfd1e703f55ce779b536b5646a0cdc1,family,plugx,filetype, pe32_exe,source,secureworks,report_date,20150805
bf2e2283b19b0febc4bd1f47aa82a94c,family,plugx,filetype, dos_exe,source,secureworks,report_date,20150805
bff424289c38d389a8cafb16b47dfe39,family,plugx,filetype, dos_exe,source,secureworks,report_date,20150805
c66e09429ad6669321e5c69b1d78c082,family,plugx,filetype, dos_exe,source,secureworks,report_date,20150805
c7c2be1cd3780b2ba4638cef9a5422c7,family,plugx,filetype, dos_exe,source,secureworks,report_date,20150805
c9c93c2d62a084031872aab96202ee3e,family,plugx,filetype, dos_exe,source,secureworks,report_date,20150805
ccc715a4d9d0157b9776deacdb26bf78,family,plugx,filetype, dos_exe,source,secureworks,report_date,20150805
d0dafc3716a0d0ce393cde30b2b14a07,family,plugx,filetype, dos_exe,source,secureworks,report_date,20150805
d0eec2294a70ceff84ca8d0ed7939fb5,family,plugx,filetype, pe32_dll,source,secureworks,report_date,20150805
d8f0a6450f9df637daade521dc90d29d,family,plugx,filetype, dos_exe,source,secureworks,report_date,20150805
ddbdf0efdf26e0c267ef6155edb0e6b8,family,plugx,filetype, dos_exe,source,secureworks,report_date,20150805
debe5ef2868b212f4251c58be1687660,family,plugx,filetype, dos_exe,source,secureworks,report_date,20150805
e136d4ebab357fd19df8afe221460571,family,plugx,filetype, dos_exe,source,secureworks,report_date,20150805
e3e0f3ad4ff3b981b513cc66b37583e8,family,plugx,filetype, dos_exe,source,secureworks,report_date,20150805
e404873d3fcd0268db10657b53bdab64,family,plugx,filetype, dos_exe,source,secureworks,report_date,20150805
e42fce74bbd637c35320cf4e95f5e055,family,plugx,filetype, dos_exe,source,secureworks,report_date,20150805
e7df18a17d8e7c2ed541a57020444068,family,plugx,filetype, dos_exe,source,secureworks,report_date,20150805
e7e555615a07040bb5dbe9ce59ac5d11,family,plugx,filetype, dos_exe,source,secureworks,report_date,20150805
e91d2464c8767552036dd0294fc7e6fb,family,plugx,filetype, dos_exe,source,secureworks,report_date,20150805
ea4dcafc224f604c096032dde33a1d6d,family,plugx,filetype, dos_exe,source,secureworks,report_date,20150805
ea8b9e0bf95fc0c71694310cb685cd3b,family,plugx,filetype, dos_exe,source,secureworks,report_date,20150805
f43d9c3e17e8480a36a62ef869212419,family,plugx,filetype, pe32_exe,source,secureworks,report_date,20150805
f627bc2db3cab34d97c8949931cb432d,family,plugx,filetype, dos_exe,source,secureworks,report_date,20150805
f658bb17d69912404f34532901edad0e,family,plugx,filetype, dos_exe,source,secureworks,report_date,20150805
f7a842eb1364d1269b40a344510068e8,family,plugx,filetype, pe32_exe,source,secureworks,report_date,20150805
f869a1b40f6438dfdd89e73480103211,family,plugx,filetype, dos_exe,source,secureworks,report_date,20150805
fac4885324cb67bd421d6250fdc9533c,family,plugx,filetype, dos_exe,source,secureworks,report_date,20150805
ff34cb1d90d76a656546293e879afe22,family,plugx,filetype, dos_exe,source,secureworks,report_date,20150805
ff4f052dbe73a81403df5e98313000fb,family,plugx,filetype, dos_exe,source,secureworks,report_date,20150805
0e742ea755a582e06c091dde1fecb164,family,gh0st,filetype,pe32_exe,source,paloalto,report_date,20150908
152c519cc4523a0f0755e142272e009f,family,gh0st,filetype, pe32_exe,source,paloalto,report_date,20150908
8ce7a0e80258304cee788def095d1f25,family,gh0st,filetype, pe32_exe,source,paloalto,report_date,20150908
0d432936f02d91a8f6af1916684e14c2,family,gh0st,filetype, pe32_exe,source,paloalto,report_date,20150908
08e1d43ef2e12a2ccb24a030a18c65df,family,gh0st,filetype, pe32_exe,source,paloalto,report_date,20150908
3e388d7ef040caa24472c5de07b3683c,family,gh0st,filetype, pe32_exe,source,paloalto,report_date,20150908
b0c2a5a3cfef4e759979b7d0869b7612,family,gh0st,filetype, pe32_exe,source,paloalto,report_date,20150908
bbf30659a020f6e63f6b82946794996f,family,gh0st,filetype, pe32_exe,source,paloalto,report_date,20150908
646197cfcffcd50cfb9c5088d1e0ee1f,family,gh0st,filetype, pe32_dll,source,paloalto,report_date,20150908
e3ffee36e5f1bf06d9798c6464892f76,family,gh0st,filetype, pe32_exe,source,paloalto,report_date,20150908
87430593a2653a28196df1d5c76e5ee1,family,gh0st,filetype, pe32_exe,source,paloalto,report_date,20150908
2c0cfc673fb905988ecd285079d0c04e,family,gh0st,filetype, pe32_exe,source,paloalto,report_date,20150908
3a528a57ef64074039ae35b4bf531225,family,gh0st,filetype, pe32_exe,source,paloalto,report_date,20150908
df043bbc7a14316dbed4adabec83d1bc,family,gh0st,filetype, pe32_dll,source,paloalto,report_date,20150908
8d2f5456d0f64a2c58b29649084dfc02,family,gh0st,filetype, pe32_exe,source,paloalto,report_date,20150908
b757cfd1ceb6c6710d410e9813be5b12,family,gh0st,filetype, pe32_exe,source,paloalto,report_date,20150908
2da0819c180214753481fee026a23cc1,family,gh0st,filetype, pe32_exe,source,paloalto,report_date,20150908
a31f8bf5e5d7595bf22efe472566d046,family,gh0st,filetype, pe32_dll,source,paloalto,report_date,20150908
79749a61623fd4064b7a6c50853a6b2d,family,gh0st,filetype, pe32_dll,source,paloalto,report_date,20150908
fb130740b15fe0b438a7d76841518ea6,family,gh0st,filetype, pe32_dll,source,paloalto,report_date,20150908
f7d1494f186298d3ccc1f095b1860c0c,family,gh0st,filetype, pe32_dll,source,paloalto,report_date,20150908
df1281bd69655ce102e7b54082784d27,family,gh0st,filetype, pe32_exe,source,paloalto,report_date,20150908
57f7d23020b5c368ccb14272a542d64c,family,gh0st,filetype, pe32_exe,source,paloalto,report_date,20150908
9cf90837519b9d1cbb593ea059e3e470,family,gh0st,filetype, pe32_exe,source,paloalto,report_date,20150908
e3e803ad7cafd622109546e9aea28647,family,gh0st,filetype, pe32_dll,source,paloalto,report_date,20150908
98a19013c3a81f23a471622707b4ee34,family,gh0st,filetype, pe32_exe,source,paloalto,report_date,20150908
374043aa9c41b526af3e96cf2e5cd584,family,gh0st,filetype, pe32_dll,source,paloalto,report_date,20150908
069345a3631c8920c5ebb3afeecd0561,family,gh0st,filetype, pe32_exe,source,paloalto,report_date,20150908
457c69159e9d9bb2379f26099285a248,family,gh0st,filetype, pe32_exe,source,paloalto,report_date,20150908
14fbb9a8e453d3b9a4f650124d0c46d9,family,gh0st,filetype, pe32_exe,source,paloalto,report_date,20150908
1cf3ccb8ab7ccb82fa81dbd72eded359,family,gh0st,filetype, pe32_exe,source,paloalto,report_date,20150908
2249e50933b44fd10bacece68c3cccf5,family,gh0st,filetype, pe32_exe,source,paloalto,report_date,20150908
65f8065f6bf43335b1badac40bf48cb5,family,gh0st,filetype, pe32_exe,source,paloalto,report_date,20150908
34b9454ae640abf2cdb8363ddf4a59a9,family,gh0st,filetype, pe32_exe,source,paloalto,report_date,20150908
53ba03ff7c4a2f9ec6e0d2c561ca1d13,family,gh0st,filetype, pe32_exe,source,paloalto,report_date,20150908
6ed086d8c4b7ec18c19939705906b39b,family,gh0st,filetype, pe32_dll,source,paloalto,report_date,20150908
808a075dc8fe276399eb882cf8f7939c,family,gh0st,filetype, pe32_exe,source,paloalto,report_date,20150908
8d97ae70499a45789028c9b262dd59f8,family,gh0st,filetype, pe32_exe,source,paloalto,report_date,20150908
164ae3e11fd5405f90b8f560f356bc95,family,gh0st,filetype, pe32_exe,source,paloalto,report_date,20150908
13937e6855feef48712fdfbebf5a311d,family,gh0st,filetype, pe32_exe,source,paloalto,report_date,20150908
e7cc4492f5bc3f5f4adab0a5dc89c56d,family,gh0st,filetype, pe32_dll,source,paloalto,report_date,20150908
b026d51fce1eaf6d82cf4fde2b1ab0b6,family,gh0st,filetype, pe32_exe,source,paloalto,report_date,20150908
70cd00b4cd62b04617b2d432148915f9,family,gh0st,filetype, pe32_dll,source,paloalto,report_date,20150908
cbf59aefef20148fae6ffbb3ff3c97e4,family,gh0st,filetype, pe32_dll,source,paloalto,report_date,20150908
9495a794888d586a7e61e5ae91fe3e72,family,gh0st,filetype, pe32_dll,source,paloalto,report_date,20150908
1b31084a2768e900e11a911aa5d15c94,family,gh0st,filetype, pe32_exe,source,paloalto,report_date,20150908
7226cc2fb137467fa585dad286acd32f,family,gh0st,filetype, pe32_dll,source,paloalto,report_date,20150908
209a288c68207d57e0ce6e60ebf60729,family,teslacrypt,filetype,pe32_exe,source,secureworks,report_date,20150512
318eca04390a9ce009e09762c8150311,family,teslacrypt,filetype, pe32_exe,source,secureworks,report_date,20150512
388fc7a1de13ec2345c18893be62d965,family,teslacrypt,filetype, pe32_exe,source,secureworks,report_date,20150512
7616872b3a200264a8d476db29be2313,family,teslacrypt,filetype, pe32_exe,source,secureworks,report_date,20150512
8afa5dd088871bbd0d63c461413cb5a1,family,teslacrypt,filetype, pe32_exe,source,secureworks,report_date,20150512
9cd70299c5f16642411c241c6dab45bd,family,teslacrypt,filetype, pe32_exe,source,malwr,report_date,20150902
a9ed5ec475f4f746d77576a7c48f15ac,family,teslacrypt,filetype, pe32_exe,source,secureworks,report_date,20150512
b14dedb35189ff2761da7763a95c6893,family,teslacrypt,filetype, pe32_exe,source,secureworks,report_date,20150512
f3b12a197d732cda29d6d9e698ea58bf,family,teslacrypt,filetype, pe32_exe,source,cisco,report_date,20150427
59765f9d900ca3788287b683e39e01ef,family,dridex,filetype, pe32_exe,source,blueliv,report_date,20150830
9e979b5869ca6d6c78b182be310c8fc2,family,dridex,filetype, pe32_dll,source,blueliv,report_date,20150830
a54efbb2905dfcca43e631e1bf6e35a7,family,dridex,filetype, pe32_dll,source,blueliv,report_date,20150830
b36c03005b7a8a825ac0e2319a87d8bf,family,dridex,filetype, pe32_exe,source,blueliv,report_date,20150830
6a890edae526e67dd6c9bcd6223417a3,family,dridex,filetype, pe32_exe,source,blueliv,report_date,20150830
04b70b6985b638035014d2eb6a41391c,family,dridex,filetype, pe32_exe,source,blueliv,report_date,20150830
655a01ec9f936e275edd130fcc90f2d3,family,dridex,filetype, pe32_exe,source,blueliv,report_date,20150830
8badf2ca3eef55efb3043950b365729a,family,dridex,filetype, pe32_exe,source,blueliv,report_date,20150830
939ee3b203b79f6422ef4a96fde11393,family,dridex,filetype, pe32_exe,source,blueliv,report_date,20150830
ff4e443b27ddec4887f6b53ceeb38b9a,family,dridex,filetype, pe32_dll,source,blueliv,report_date,20150830